id,Personality
18524,0
18525,1
18526,0
18527,0
18528,1
18529,0
18530,0
18531,1
18532,0
18533,1
18534,0
18535,0
18536,1
18537,0
18538,1
18539,0
18540,0
18541,0
18542,0
18543,0
18544,1
18545,1
18546,0
18547,1
18548,0
18549,0
18550,0
18551,0
18552,1
18553,1
18554,0
18555,0
18556,1
18557,0
18558,0
18559,0
18560,0
18561,0
18562,0
18563,0
18564,1
18565,1
18566,1
18567,1
18568,0
18569,0
18570,0
18571,1
18572,0
18573,0
18574,1
18575,0
18576,0
18577,0
18578,0
18579,0
18580,0
18581,0
18582,1
18583,0
18584,0
18585,0
18586,0
18587,0
18588,0
18589,0
18590,0
18591,1
18592,0
18593,0
18594,1
18595,1
18596,0
18597,0
18598,0
18599,0
18600,0
18601,0
18602,0
18603,0
18604,0
18605,0
18606,0
18607,0
18608,0
18609,0
18610,0
18611,1
18612,0
18613,0
18614,0
18615,1
18616,0
18617,0
18618,0
18619,0
18620,0
18621,0
18622,0
18623,1
18624,0
18625,0
18626,0
18627,0
18628,1
18629,0
18630,0
18631,0
18632,0
18633,1
18634,0
18635,0
18636,1
18637,1
18638,0
18639,0
18640,0
18641,0
18642,0
18643,1
18644,0
18645,1
18646,0
18647,0
18648,0
18649,1
18650,0
18651,0
18652,0
18653,0
18654,0
18655,0
18656,0
18657,0
18658,0
18659,0
18660,0
18661,0
18662,0
18663,1
18664,0
18665,0
18666,0
18667,0
18668,0
18669,0
18670,1
18671,0
18672,1
18673,1
18674,0
18675,0
18676,0
18677,0
18678,0
18679,0
18680,0
18681,1
18682,0
18683,0
18684,0
18685,1
18686,0
18687,0
18688,1
18689,0
18690,0
18691,0
18692,0
18693,1
18694,0
18695,0
18696,1
18697,1
18698,1
18699,1
18700,0
18701,1
18702,0
18703,0
18704,0
18705,1
18706,0
18707,1
18708,0
18709,0
18710,0
18711,1
18712,0
18713,0
18714,0
18715,0
18716,0
18717,0
18718,1
18719,1
18720,1
18721,0
18722,0
18723,0
18724,1
18725,1
18726,0
18727,0
18728,0
18729,1
18730,0
18731,0
18732,0
18733,0
18734,1
18735,0
18736,0
18737,0
18738,1
18739,0
18740,0
18741,0
18742,0
18743,0
18744,0
18745,1
18746,0
18747,1
18748,0
18749,0
18750,0
18751,0
18752,0
18753,0
18754,0
18755,1
18756,0
18757,0
18758,1
18759,0
18760,0
18761,0
18762,0
18763,0
18764,0
18765,1
18766,1
18767,0
18768,0
18769,1
18770,0
18771,0
18772,0
18773,0
18774,0
18775,0
18776,0
18777,1
18778,0
18779,0
18780,0
18781,0
18782,0
18783,0
18784,0
18785,0
18786,0
18787,1
18788,0
18789,0
18790,1
18791,0
18792,0
18793,0
18794,0
18795,0
18796,0
18797,0
18798,0
18799,1
18800,0
18801,1
18802,0
18803,0
18804,1
18805,0
18806,0
18807,0
18808,0
18809,0
18810,0
18811,0
18812,0
18813,0
18814,0
18815,0
18816,1
18817,0
18818,0
18819,0
18820,0
18821,0
18822,1
18823,0
18824,0
18825,0
18826,0
18827,0
18828,0
18829,0
18830,0
18831,1
18832,0
18833,0
18834,0
18835,1
18836,0
18837,0
18838,0
18839,0
18840,1
18841,0
18842,1
18843,0
18844,0
18845,1
18846,0
18847,0
18848,0
18849,0
18850,1
18851,0
18852,0
18853,0
18854,0
18855,0
18856,0
18857,1
18858,0
18859,0
18860,0
18861,0
18862,0
18863,0
18864,1
18865,0
18866,0
18867,0
18868,0
18869,0
18870,0
18871,0
18872,1
18873,0
18874,1
18875,0
18876,0
18877,0
18878,0
18879,1
18880,0
18881,0
18882,0
18883,1
18884,0
18885,0
18886,0
18887,0
18888,0
18889,0
18890,1
18891,0
18892,0
18893,0
18894,0
18895,0
18896,0
18897,0
18898,0
18899,0
18900,0
18901,0
18902,1
18903,0
18904,1
18905,0
18906,1
18907,0
18908,1
18909,1
18910,0
18911,1
18912,0
18913,0
18914,0
18915,0
18916,0
18917,0
18918,0
18919,1
18920,0
18921,1
18922,0
18923,1
18924,0
18925,1
18926,1
18927,1
18928,1
18929,0
18930,0
18931,0
18932,1
18933,1
18934,0
18935,0
18936,0
18937,0
18938,0
18939,0
18940,0
18941,1
18942,0
18943,0
18944,1
18945,0
18946,0
18947,1
18948,0
18949,1
18950,0
18951,0
18952,1
18953,1
18954,0
18955,0
18956,1
18957,1
18958,0
18959,0
18960,0
18961,0
18962,0
18963,1
18964,0
18965,0
18966,1
18967,0
18968,0
18969,0
18970,0
18971,0
18972,1
18973,1
18974,0
18975,0
18976,0
18977,0
18978,0
18979,0
18980,0
18981,0
18982,1
18983,1
18984,1
18985,0
18986,0
18987,0
18988,0
18989,0
18990,0
18991,0
18992,0
18993,1
18994,0
18995,0
18996,0
18997,0
18998,1
18999,1
19000,0
19001,0
19002,0
19003,1
19004,0
19005,0
19006,0
19007,1
19008,0
19009,0
19010,0
19011,0
19012,0
19013,0
19014,0
19015,0
19016,0
19017,1
19018,0
19019,1
19020,0
19021,0
19022,0
19023,0
19024,0
19025,0
19026,0
19027,0
19028,0
19029,0
19030,1
19031,0
19032,1
19033,0
19034,0
19035,0
19036,0
19037,1
19038,1
19039,0
19040,0
19041,0
19042,0
19043,1
19044,0
19045,0
19046,0
19047,0
19048,0
19049,1
19050,0
19051,1
19052,0
19053,0
19054,1
19055,1
19056,0
19057,0
19058,0
19059,0
19060,0
19061,0
19062,0
19063,0
19064,0
19065,0
19066,1
19067,0
19068,0
19069,0
19070,0
19071,0
19072,1
19073,0
19074,0
19075,0
19076,0
19077,0
19078,0
19079,0
19080,0
19081,0
19082,0
19083,0
19084,0
19085,0
19086,0
19087,0
19088,0
19089,1
19090,0
19091,0
19092,1
19093,0
19094,0
19095,0
19096,1
19097,1
19098,0
19099,0
19100,0
19101,0
19102,0
19103,0
19104,0
19105,1
19106,1
19107,0
19108,0
19109,0
19110,0
19111,0
19112,0
19113,0
19114,0
19115,0
19116,0
19117,0
19118,0
19119,1
19120,1
19121,0
19122,0
19123,0
19124,0
19125,0
19126,0
19127,0
19128,0
19129,0
19130,0
19131,0
19132,0
19133,1
19134,0
19135,1
19136,0
19137,0
19138,0
19139,0
19140,0
19141,0
19142,1
19143,1
19144,0
19145,0
19146,0
19147,0
19148,0
19149,0
19150,0
19151,0
19152,0
19153,0
19154,0
19155,1
19156,0
19157,0
19158,1
19159,0
19160,0
19161,0
19162,0
19163,0
19164,0
19165,0
19166,0
19167,0
19168,0
19169,0
19170,1
19171,0
19172,0
19173,0
19174,0
19175,0
19176,1
19177,1
19178,0
19179,1
19180,1
19181,1
19182,0
19183,0
19184,1
19185,1
19186,0
19187,0
19188,0
19189,0
19190,1
19191,0
19192,0
19193,1
19194,0
19195,0
19196,0
19197,0
19198,0
19199,1
19200,0
19201,0
19202,0
19203,0
19204,0
19205,0
19206,1
19207,0
19208,0
19209,0
19210,1
19211,0
19212,0
19213,0
19214,0
19215,0
19216,0
19217,0
19218,1
19219,0
19220,0
19221,0
19222,0
19223,0
19224,0
19225,1
19226,0
19227,0
19228,1
19229,0
19230,0
19231,0
19232,0
19233,0
19234,0
19235,0
19236,0
19237,0
19238,0
19239,0
19240,0
19241,0
19242,0
19243,0
19244,1
19245,0
19246,1
19247,0
19248,0
19249,0
19250,0
19251,1
19252,0
19253,0
19254,0
19255,0
19256,0
19257,1
19258,0
19259,0
19260,0
19261,0
19262,0
19263,0
19264,0
19265,0
19266,1
19267,0
19268,0
19269,0
19270,0
19271,1
19272,0
19273,1
19274,1
19275,1
19276,0
19277,0
19278,0
19279,0
19280,0
19281,1
19282,0
19283,0
19284,0
19285,0
19286,0
19287,1
19288,0
19289,1
19290,0
19291,0
19292,0
19293,0
19294,0
19295,0
19296,0
19297,0
19298,1
19299,1
19300,0
19301,0
19302,0
19303,1
19304,0
19305,0
19306,0
19307,1
19308,0
19309,1
19310,0
19311,0
19312,0
19313,0
19314,0
19315,1
19316,0
19317,0
19318,0
19319,0
19320,0
19321,0
19322,0
19323,0
19324,0
19325,0
19326,0
19327,0
19328,0
19329,1
19330,0
19331,0
19332,0
19333,0
19334,0
19335,0
19336,0
19337,0
19338,0
19339,1
19340,0
19341,0
19342,1
19343,0
19344,0
19345,0
19346,0
19347,0
19348,0
19349,0
19350,0
19351,0
19352,0
19353,0
19354,0
19355,1
19356,0
19357,1
19358,1
19359,0
19360,1
19361,0
19362,0
19363,0
19364,0
19365,0
19366,0
19367,0
19368,1
19369,0
19370,0
19371,1
19372,0
19373,0
19374,0
19375,0
19376,0
19377,0
19378,1
19379,0
19380,1
19381,0
19382,0
19383,1
19384,0
19385,1
19386,1
19387,1
19388,0
19389,1
19390,1
19391,0
19392,0
19393,1
19394,0
19395,0
19396,1
19397,0
19398,1
19399,0
19400,0
19401,0
19402,0
19403,0
19404,0
19405,1
19406,0
19407,0
19408,0
19409,0
19410,0
19411,1
19412,1
19413,0
19414,0
19415,0
19416,0
19417,0
19418,0
19419,1
19420,1
19421,0
19422,1
19423,0
19424,0
19425,0
19426,0
19427,0
19428,1
19429,0
19430,0
19431,0
19432,0
19433,0
19434,1
19435,0
19436,0
19437,0
19438,1
19439,1
19440,0
19441,0
19442,0
19443,0
19444,1
19445,0
19446,0
19447,0
19448,0
19449,0
19450,1
19451,0
19452,0
19453,0
19454,0
19455,0
19456,1
19457,0
19458,0
19459,0
19460,0
19461,0
19462,1
19463,0
19464,0
19465,0
19466,0
19467,1
19468,0
19469,1
19470,0
19471,1
19472,1
19473,0
19474,0
19475,1
19476,0
19477,0
19478,0
19479,1
19480,0
19481,0
19482,0
19483,1
19484,0
19485,0
19486,0
19487,0
19488,0
19489,0
19490,0
19491,0
19492,0
19493,0
19494,0
19495,0
19496,0
19497,0
19498,0
19499,0
19500,0
19501,0
19502,1
19503,1
19504,0
19505,0
19506,0
19507,1
19508,1
19509,0
19510,0
19511,0
19512,0
19513,0
19514,0
19515,0
19516,0
19517,0
19518,0
19519,0
19520,0
19521,0
19522,0
19523,0
19524,0
19525,0
19526,0
19527,0
19528,0
19529,1
19530,1
19531,1
19532,1
19533,0
19534,0
19535,0
19536,0
19537,0
19538,0
19539,0
19540,1
19541,0
19542,0
19543,0
19544,0
19545,1
19546,1
19547,0
19548,0
19549,0
19550,0
19551,0
19552,0
19553,0
19554,0
19555,0
19556,0
19557,0
19558,1
19559,0
19560,0
19561,0
19562,0
19563,1
19564,0
19565,0
19566,0
19567,0
19568,1
19569,1
19570,0
19571,1
19572,0
19573,0
19574,0
19575,0
19576,0
19577,0
19578,0
19579,1
19580,0
19581,0
19582,1
19583,0
19584,0
19585,0
19586,1
19587,0
19588,0
19589,0
19590,0
19591,0
19592,0
19593,0
19594,0
19595,0
19596,1
19597,0
19598,1
19599,0
19600,0
19601,0
19602,0
19603,0
19604,0
19605,0
19606,0
19607,0
19608,0
19609,0
19610,0
19611,0
19612,0
19613,0
19614,0
19615,1
19616,0
19617,0
19618,0
19619,0
19620,0
19621,0
19622,0
19623,0
19624,0
19625,0
19626,0
19627,0
19628,0
19629,1
19630,0
19631,0
19632,0
19633,0
19634,1
19635,0
19636,1
19637,0
19638,0
19639,1
19640,0
19641,0
19642,1
19643,0
19644,0
19645,0
19646,1
19647,1
19648,0
19649,0
19650,0
19651,0
19652,0
19653,0
19654,0
19655,0
19656,0
19657,0
19658,0
19659,1
19660,0
19661,1
19662,0
19663,0
19664,1
19665,0
19666,0
19667,0
19668,0
19669,0
19670,0
19671,0
19672,0
19673,0
19674,0
19675,0
19676,0
19677,0
19678,0
19679,0
19680,0
19681,0
19682,0
19683,0
19684,0
19685,0
19686,0
19687,0
19688,0
19689,0
19690,0
19691,1
19692,0
19693,1
19694,0
19695,0
19696,0
19697,0
19698,0
19699,1
19700,0
19701,0
19702,0
19703,1
19704,0
19705,0
19706,0
19707,0
19708,0
19709,0
19710,0
19711,1
19712,0
19713,1
19714,0
19715,0
19716,0
19717,0
19718,0
19719,0
19720,0
19721,0
19722,0
19723,0
19724,1
19725,1
19726,0
19727,0
19728,0
19729,1
19730,0
19731,1
19732,1
19733,0
19734,0
19735,0
19736,1
19737,0
19738,1
19739,0
19740,0
19741,1
19742,0
19743,0
19744,0
19745,0
19746,1
19747,0
19748,0
19749,0
19750,0
19751,1
19752,0
19753,0
19754,0
19755,0
19756,0
19757,0
19758,0
19759,0
19760,0
19761,0
19762,1
19763,0
19764,1
19765,0
19766,0
19767,0
19768,0
19769,0
19770,0
19771,1
19772,0
19773,1
19774,0
19775,0
19776,0
19777,0
19778,0
19779,0
19780,0
19781,0
19782,1
19783,1
19784,0
19785,0
19786,1
19787,1
19788,0
19789,0
19790,1
19791,0
19792,0
19793,1
19794,0
19795,0
19796,1
19797,0
19798,1
19799,0
19800,0
19801,0
19802,0
19803,0
19804,1
19805,0
19806,0
19807,0
19808,0
19809,0
19810,0
19811,0
19812,0
19813,0
19814,0
19815,0
19816,1
19817,0
19818,0
19819,0
19820,0
19821,0
19822,0
19823,0
19824,0
19825,0
19826,0
19827,0
19828,1
19829,0
19830,0
19831,0
19832,0
19833,0
19834,0
19835,0
19836,0
19837,0
19838,0
19839,0
19840,0
19841,1
19842,0
19843,1
19844,0
19845,0
19846,0
19847,1
19848,0
19849,1
19850,0
19851,0
19852,0
19853,1
19854,0
19855,0
19856,1
19857,1
19858,0
19859,1
19860,1
19861,0
19862,0
19863,0
19864,1
19865,0
19866,0
19867,0
19868,0
19869,1
19870,0
19871,0
19872,0
19873,0
19874,1
19875,1
19876,0
19877,1
19878,0
19879,1
19880,0
19881,1
19882,0
19883,0
19884,1
19885,0
19886,1
19887,0
19888,0
19889,0
19890,1
19891,0
19892,0
19893,0
19894,0
19895,0
19896,0
19897,0
19898,0
19899,0
19900,0
19901,0
19902,0
19903,0
19904,0
19905,0
19906,0
19907,0
19908,0
19909,0
19910,0
19911,0
19912,0
19913,0
19914,0
19915,0
19916,0
19917,0
19918,0
19919,1
19920,0
19921,0
19922,0
19923,0
19924,1
19925,0
19926,0
19927,0
19928,1
19929,1
19930,0
19931,0
19932,1
19933,0
19934,0
19935,1
19936,1
19937,0
19938,0
19939,0
19940,0
19941,0
19942,0
19943,0
19944,1
19945,1
19946,1
19947,1
19948,0
19949,0
19950,0
19951,0
19952,0
19953,0
19954,0
19955,0
19956,0
19957,0
19958,0
19959,1
19960,1
19961,0
19962,0
19963,0
19964,0
19965,0
19966,0
19967,0
19968,0
19969,0
19970,0
19971,0
19972,1
19973,0
19974,0
19975,0
19976,0
19977,0
19978,1
19979,0
19980,0
19981,0
19982,0
19983,0
19984,0
19985,0
19986,1
19987,0
19988,1
19989,0
19990,0
19991,0
19992,0
19993,0
19994,0
19995,0
19996,0
19997,1
19998,0
19999,1
20000,1
20001,1
20002,0
20003,0
20004,0
20005,0
20006,0
20007,0
20008,0
20009,1
20010,0
20011,1
20012,0
20013,0
20014,0
20015,1
20016,1
20017,1
20018,1
20019,1
20020,1
20021,0
20022,0
20023,0
20024,0
20025,0
20026,0
20027,0
20028,0
20029,0
20030,0
20031,0
20032,0
20033,1
20034,0
20035,0
20036,1
20037,0
20038,0
20039,0
20040,0
20041,0
20042,0
20043,0
20044,0
20045,1
20046,1
20047,1
20048,1
20049,0
20050,0
20051,1
20052,0
20053,0
20054,1
20055,0
20056,0
20057,1
20058,0
20059,1
20060,0
20061,0
20062,0
20063,0
20064,1
20065,0
20066,0
20067,1
20068,1
20069,1
20070,0
20071,1
20072,1
20073,0
20074,0
20075,1
20076,0
20077,0
20078,0
20079,0
20080,0
20081,0
20082,0
20083,0
20084,0
20085,0
20086,0
20087,1
20088,0
20089,0
20090,0
20091,0
20092,1
20093,1
20094,0
20095,0
20096,1
20097,0
20098,0
20099,0
20100,0
20101,0
20102,0
20103,1
20104,0
20105,0
20106,0
20107,1
20108,0
20109,0
20110,0
20111,1
20112,1
20113,0
20114,0
20115,0
20116,0
20117,1
20118,0
20119,0
20120,1
20121,0
20122,0
20123,0
20124,0
20125,0
20126,1
20127,1
20128,0
20129,0
20130,1
20131,0
20132,0
20133,0
20134,0
20135,1
20136,0
20137,0
20138,0
20139,1
20140,0
20141,1
20142,0
20143,0
20144,1
20145,0
20146,1
20147,0
20148,0
20149,0
20150,0
20151,0
20152,1
20153,1
20154,0
20155,0
20156,0
20157,0
20158,1
20159,1
20160,0
20161,0
20162,0
20163,0
20164,0
20165,0
20166,0
20167,0
20168,0
20169,1
20170,1
20171,0
20172,0
20173,0
20174,0
20175,0
20176,0
20177,0
20178,0
20179,0
20180,0
20181,0
20182,1
20183,0
20184,0
20185,1
20186,0
20187,0
20188,0
20189,0
20190,1
20191,0
20192,0
20193,0
20194,1
20195,0
20196,0
20197,0
20198,0
20199,0
20200,0
20201,0
20202,0
20203,0
20204,0
20205,1
20206,0
20207,0
20208,0
20209,0
20210,0
20211,1
20212,0
20213,1
20214,1
20215,0
20216,0
20217,0
20218,0
20219,0
20220,1
20221,0
20222,0
20223,0
20224,0
20225,0
20226,0
20227,0
20228,0
20229,0
20230,0
20231,1
20232,0
20233,0
20234,0
20235,0
20236,0
20237,0
20238,0
20239,0
20240,1
20241,0
20242,0
20243,0
20244,1
20245,0
20246,0
20247,0
20248,0
20249,1
20250,0
20251,0
20252,1
20253,0
20254,0
20255,0
20256,0
20257,0
20258,0
20259,0
20260,1
20261,0
20262,0
20263,0
20264,0
20265,0
20266,0
20267,1
20268,0
20269,0
20270,0
20271,0
20272,1
20273,0
20274,0
20275,0
20276,0
20277,1
20278,0
20279,1
20280,0
20281,0
20282,0
20283,0
20284,0
20285,0
20286,0
20287,1
20288,0
20289,1
20290,0
20291,0
20292,0
20293,1
20294,0
20295,0
20296,0
20297,0
20298,0
20299,0
20300,0
20301,0
20302,0
20303,0
20304,0
20305,0
20306,1
20307,0
20308,1
20309,0
20310,0
20311,1
20312,0
20313,0
20314,0
20315,0
20316,0
20317,0
20318,0
20319,0
20320,0
20321,1
20322,0
20323,0
20324,0
20325,0
20326,1
20327,0
20328,0
20329,0
20330,0
20331,0
20332,0
20333,0
20334,0
20335,0
20336,0
20337,0
20338,0
20339,1
20340,0
20341,0
20342,0
20343,0
20344,0
20345,0
20346,0
20347,0
20348,1
20349,0
20350,0
20351,0
20352,0
20353,0
20354,0
20355,1
20356,0
20357,0
20358,1
20359,0
20360,0
20361,1
20362,0
20363,0
20364,0
20365,0
20366,1
20367,0
20368,0
20369,0
20370,0
20371,1
20372,0
20373,1
20374,0
20375,0
20376,0
20377,0
20378,1
20379,0
20380,0
20381,0
20382,0
20383,0
20384,0
20385,0
20386,0
20387,1
20388,0
20389,0
20390,0
20391,0
20392,0
20393,1
20394,1
20395,0
20396,0
20397,1
20398,0
20399,0
20400,0
20401,0
20402,1
20403,0
20404,0
20405,0
20406,0
20407,0
20408,0
20409,0
20410,0
20411,0
20412,0
20413,0
20414,0
20415,0
20416,0
20417,0
20418,1
20419,0
20420,0
20421,0
20422,1
20423,0
20424,0
20425,1
20426,0
20427,0
20428,0
20429,1
20430,1
20431,1
20432,0
20433,0
20434,1
20435,0
20436,0
20437,0
20438,0
20439,0
20440,0
20441,0
20442,0
20443,0
20444,1
20445,0
20446,0
20447,0
20448,0
20449,1
20450,1
20451,0
20452,0
20453,1
20454,0
20455,0
20456,0
20457,0
20458,0
20459,0
20460,0
20461,0
20462,0
20463,1
20464,0
20465,1
20466,0
20467,0
20468,0
20469,1
20470,0
20471,0
20472,1
20473,0
20474,0
20475,1
20476,1
20477,1
20478,1
20479,1
20480,0
20481,0
20482,0
20483,1
20484,1
20485,0
20486,0
20487,1
20488,0
20489,0
20490,0
20491,0
20492,1
20493,0
20494,0
20495,0
20496,0
20497,0
20498,1
20499,0
20500,0
20501,1
20502,0
20503,0
20504,1
20505,1
20506,0
20507,1
20508,1
20509,0
20510,0
20511,1
20512,0
20513,0
20514,1
20515,0
20516,0
20517,0
20518,0
20519,1
20520,0
20521,0
20522,0
20523,0
20524,0
20525,1
20526,1
20527,0
20528,1
20529,0
20530,0
20531,1
20532,0
20533,0
20534,0
20535,0
20536,0
20537,0
20538,0
20539,0
20540,0
20541,0
20542,0
20543,0
20544,0
20545,1
20546,0
20547,0
20548,0
20549,0
20550,0
20551,1
20552,0
20553,0
20554,1
20555,0
20556,1
20557,0
20558,0
20559,0
20560,0
20561,0
20562,1
20563,1
20564,0
20565,0
20566,1
20567,0
20568,0
20569,0
20570,0
20571,0
20572,0
20573,0
20574,0
20575,0
20576,1
20577,0
20578,0
20579,1
20580,0
20581,0
20582,0
20583,1
20584,0
20585,0
20586,0
20587,0
20588,1
20589,0
20590,0
20591,0
20592,0
20593,0
20594,0
20595,0
20596,0
20597,0
20598,0
20599,1
20600,0
20601,0
20602,0
20603,0
20604,0
20605,0
20606,0
20607,0
20608,0
20609,0
20610,0
20611,0
20612,0
20613,1
20614,0
20615,0
20616,1
20617,0
20618,1
20619,0
20620,1
20621,0
20622,0
20623,0
20624,0
20625,0
20626,0
20627,0
20628,0
20629,0
20630,0
20631,1
20632,0
20633,0
20634,0
20635,0
20636,0
20637,0
20638,0
20639,0
20640,0
20641,0
20642,0
20643,0
20644,0
20645,0
20646,0
20647,0
20648,1
20649,0
20650,0
20651,0
20652,1
20653,0
20654,1
20655,1
20656,0
20657,0
20658,0
20659,1
20660,1
20661,0
20662,1
20663,0
20664,0
20665,0
20666,0
20667,0
20668,0
20669,0
20670,0
20671,0
20672,0
20673,0
20674,0
20675,0
20676,0
20677,0
20678,0
20679,0
20680,0
20681,0
20682,0
20683,0
20684,0
20685,1
20686,1
20687,1
20688,0
20689,0
20690,0
20691,0
20692,0
20693,0
20694,0
20695,0
20696,0
20697,0
20698,0
20699,1
20700,0
20701,1
20702,1
20703,0
20704,0
20705,1
20706,0
20707,0
20708,0
20709,0
20710,0
20711,0
20712,0
20713,0
20714,0
20715,0
20716,0
20717,1
20718,0
20719,0
20720,0
20721,1
20722,1
20723,1
20724,1
20725,1
20726,0
20727,1
20728,1
20729,0
20730,0
20731,0
20732,0
20733,0
20734,0
20735,0
20736,0
20737,0
20738,0
20739,0
20740,0
20741,0
20742,1
20743,1
20744,0
20745,0
20746,0
20747,0
20748,1
20749,0
20750,0
20751,1
20752,1
20753,0
20754,0
20755,0
20756,0
20757,1
20758,0
20759,0
20760,0
20761,1
20762,0
20763,0
20764,0
20765,0
20766,1
20767,0
20768,0
20769,0
20770,0
20771,0
20772,0
20773,0
20774,0
20775,0
20776,0
20777,1
20778,0
20779,1
20780,0
20781,0
20782,0
20783,1
20784,0
20785,0
20786,0
20787,0
20788,0
20789,1
20790,1
20791,0
20792,0
20793,1
20794,0
20795,0
20796,1
20797,0
20798,0
20799,0
20800,1
20801,0
20802,0
20803,0
20804,0
20805,0
20806,0
20807,0
20808,0
20809,0
20810,0
20811,0
20812,0
20813,0
20814,0
20815,0
20816,1
20817,0
20818,1
20819,0
20820,0
20821,0
20822,0
20823,0
20824,0
20825,0
20826,0
20827,1
20828,0
20829,0
20830,0
20831,0
20832,0
20833,0
20834,0
20835,0
20836,0
20837,1
20838,0
20839,0
20840,0
20841,0
20842,0
20843,1
20844,0
20845,0
20846,0
20847,0
20848,0
20849,1
20850,0
20851,0
20852,0
20853,0
20854,0
20855,1
20856,1
20857,0
20858,0
20859,0
20860,0
20861,1
20862,0
20863,1
20864,0
20865,0
20866,1
20867,0
20868,1
20869,0
20870,0
20871,1
20872,0
20873,0
20874,0
20875,0
20876,0
20877,0
20878,0
20879,0
20880,0
20881,1
20882,0
20883,0
20884,1
20885,0
20886,0
20887,0
20888,0
20889,0
20890,0
20891,0
20892,0
20893,0
20894,0
20895,0
20896,0
20897,0
20898,1
20899,0
20900,0
20901,0
20902,0
20903,0
20904,0
20905,1
20906,0
20907,0
20908,1
20909,0
20910,0
20911,0
20912,0
20913,0
20914,0
20915,0
20916,0
20917,1
20918,0
20919,0
20920,0
20921,0
20922,0
20923,0
20924,1
20925,1
20926,0
20927,0
20928,0
20929,0
20930,0
20931,0
20932,1
20933,0
20934,1
20935,0
20936,0
20937,0
20938,0
20939,0
20940,0
20941,0
20942,0
20943,0
20944,0
20945,0
20946,1
20947,0
20948,1
20949,0
20950,0
20951,0
20952,0
20953,0
20954,0
20955,0
20956,0
20957,0
20958,0
20959,0
20960,0
20961,0
20962,1
20963,0
20964,0
20965,0
20966,0
20967,0
20968,0
20969,0
20970,0
20971,1
20972,0
20973,1
20974,0
20975,0
20976,0
20977,0
20978,0
20979,0
20980,0
20981,0
20982,0
20983,1
20984,1
20985,1
20986,1
20987,0
20988,0
20989,0
20990,0
20991,0
20992,1
20993,0
20994,1
20995,0
20996,0
20997,0
20998,1
20999,1
21000,0
21001,0
21002,0
21003,1
21004,0
21005,0
21006,1
21007,0
21008,0
21009,0
21010,0
21011,0
21012,1
21013,0
21014,0
21015,1
21016,0
21017,0
21018,1
21019,0
21020,0
21021,0
21022,1
21023,0
21024,0
21025,0
21026,0
21027,0
21028,0
21029,0
21030,0
21031,1
21032,1
21033,0
21034,1
21035,0
21036,0
21037,0
21038,0
21039,0
21040,0
21041,1
21042,0
21043,0
21044,0
21045,1
21046,0
21047,0
21048,0
21049,0
21050,0
21051,1
21052,0
21053,0
21054,0
21055,0
21056,1
21057,0
21058,1
21059,0
21060,0
21061,0
21062,1
21063,0
21064,0
21065,0
21066,1
21067,0
21068,0
21069,0
21070,0
21071,0
21072,1
21073,1
21074,0
21075,0
21076,0
21077,1
21078,0
21079,0
21080,0
21081,0
21082,0
21083,0
21084,0
21085,0
21086,0
21087,0
21088,1
21089,0
21090,0
21091,0
21092,0
21093,0
21094,1
21095,0
21096,0
21097,0
21098,0
21099,0
21100,0
21101,0
21102,0
21103,0
21104,1
21105,0
21106,1
21107,0
21108,0
21109,0
21110,0
21111,0
21112,0
21113,1
21114,1
21115,0
21116,1
21117,0
21118,0
21119,0
21120,0
21121,0
21122,0
21123,1
21124,0
21125,0
21126,0
21127,0
21128,0
21129,0
21130,0
21131,0
21132,0
21133,0
21134,0
21135,1
21136,1
21137,1
21138,1
21139,0
21140,0
21141,0
21142,1
21143,1
21144,1
21145,0
21146,0
21147,0
21148,0
21149,0
21150,0
21151,0
21152,0
21153,0
21154,0
21155,1
21156,1
21157,0
21158,1
21159,0
21160,1
21161,1
21162,1
21163,0
21164,0
21165,0
21166,1
21167,0
21168,1
21169,0
21170,1
21171,0
21172,1
21173,1
21174,0
21175,0
21176,0
21177,0
21178,0
21179,0
21180,0
21181,1
21182,0
21183,0
21184,1
21185,0
21186,0
21187,0
21188,0
21189,0
21190,0
21191,0
21192,0
21193,0
21194,0
21195,0
21196,0
21197,0
21198,1
21199,0
21200,1
21201,0
21202,1
21203,0
21204,0
21205,0
21206,1
21207,0
21208,0
21209,0
21210,0
21211,0
21212,0
21213,0
21214,0
21215,0
21216,0
21217,0
21218,0
21219,0
21220,0
21221,0
21222,0
21223,1
21224,0
21225,0
21226,0
21227,0
21228,0
21229,0
21230,0
21231,0
21232,0
21233,0
21234,1
21235,0
21236,0
21237,0
21238,1
21239,0
21240,0
21241,0
21242,0
21243,0
21244,0
21245,1
21246,0
21247,1
21248,0
21249,0
21250,1
21251,0
21252,1
21253,0
21254,0
21255,0
21256,0
21257,0
21258,0
21259,0
21260,0
21261,0
21262,0
21263,1
21264,0
21265,0
21266,1
21267,0
21268,1
21269,0
21270,0
21271,0
21272,1
21273,1
21274,0
21275,0
21276,0
21277,0
21278,1
21279,1
21280,0
21281,1
21282,0
21283,0
21284,1
21285,0
21286,1
21287,0
21288,0
21289,0
21290,0
21291,0
21292,0
21293,0
21294,1
21295,1
21296,0
21297,0
21298,0
21299,0
21300,0
21301,0
21302,0
21303,0
21304,0
21305,0
21306,0
21307,0
21308,1
21309,0
21310,0
21311,1
21312,1
21313,0
21314,1
21315,0
21316,0
21317,0
21318,0
21319,1
21320,0
21321,0
21322,1
21323,0
21324,0
21325,1
21326,0
21327,0
21328,0
21329,0
21330,1
21331,0
21332,0
21333,1
21334,0
21335,0
21336,0
21337,0
21338,0
21339,0
21340,0
21341,0
21342,0
21343,0
21344,0
21345,1
21346,1
21347,0
21348,0
21349,0
21350,0
21351,0
21352,0
21353,0
21354,0
21355,0
21356,0
21357,0
21358,0
21359,0
21360,1
21361,0
21362,1
21363,0
21364,0
21365,0
21366,0
21367,0
21368,0
21369,0
21370,0
21371,0
21372,0
21373,0
21374,0
21375,0
21376,0
21377,0
21378,0
21379,0
21380,0
21381,0
21382,0
21383,0
21384,0
21385,0
21386,0
21387,0
21388,0
21389,1
21390,0
21391,0
21392,1
21393,0
21394,0
21395,0
21396,0
21397,0
21398,1
21399,0
21400,0
21401,0
21402,0
21403,0
21404,1
21405,0
21406,0
21407,0
21408,0
21409,0
21410,0
21411,0
21412,0
21413,0
21414,0
21415,0
21416,0
21417,1
21418,0
21419,0
21420,0
21421,1
21422,0
21423,0
21424,0
21425,0
21426,0
21427,1
21428,1
21429,0
21430,0
21431,0
21432,0
21433,1
21434,0
21435,0
21436,0
21437,0
21438,0
21439,0
21440,0
21441,0
21442,0
21443,0
21444,0
21445,1
21446,0
21447,0
21448,0
21449,0
21450,0
21451,0
21452,0
21453,0
21454,0
21455,1
21456,0
21457,1
21458,0
21459,0
21460,1
21461,0
21462,0
21463,1
21464,1
21465,1
21466,0
21467,0
21468,0
21469,0
21470,0
21471,0
21472,0
21473,0
21474,0
21475,0
21476,0
21477,0
21478,0
21479,0
21480,0
21481,0
21482,0
21483,0
21484,1
21485,0
21486,0
21487,0
21488,0
21489,0
21490,0
21491,0
21492,0
21493,0
21494,0
21495,1
21496,0
21497,1
21498,0
21499,1
21500,0
21501,0
21502,0
21503,0
21504,0
21505,0
21506,0
21507,0
21508,0
21509,0
21510,0
21511,0
21512,1
21513,0
21514,0
21515,1
21516,0
21517,0
21518,1
21519,0
21520,1
21521,0
21522,0
21523,1
21524,0
21525,0
21526,0
21527,0
21528,0
21529,1
21530,0
21531,0
21532,0
21533,0
21534,0
21535,0
21536,1
21537,1
21538,1
21539,0
21540,1
21541,0
21542,0
21543,0
21544,0
21545,1
21546,0
21547,0
21548,0
21549,0
21550,0
21551,0
21552,0
21553,0
21554,0
21555,0
21556,0
21557,0
21558,0
21559,0
21560,0
21561,1
21562,1
21563,0
21564,1
21565,1
21566,1
21567,0
21568,0
21569,0
21570,0
21571,0
21572,0
21573,0
21574,0
21575,0
21576,0
21577,0
21578,0
21579,0
21580,1
21581,0
21582,1
21583,1
21584,0
21585,0
21586,0
21587,0
21588,0
21589,0
21590,0
21591,0
21592,0
21593,1
21594,0
21595,0
21596,0
21597,0
21598,1
21599,1
21600,0
21601,0
21602,0
21603,0
21604,0
21605,1
21606,0
21607,0
21608,0
21609,1
21610,0
21611,0
21612,0
21613,0
21614,0
21615,1
21616,0
21617,0
21618,0
21619,0
21620,0
21621,0
21622,1
21623,0
21624,1
21625,0
21626,0
21627,0
21628,0
21629,0
21630,0
21631,1
21632,0
21633,1
21634,0
21635,0
21636,1
21637,0
21638,1
21639,0
21640,1
21641,0
21642,0
21643,0
21644,0
21645,1
21646,0
21647,0
21648,1
21649,0
21650,0
21651,1
21652,0
21653,0
21654,0
21655,0
21656,0
21657,0
21658,1
21659,1
21660,0
21661,0
21662,0
21663,1
21664,0
21665,1
21666,0
21667,1
21668,1
21669,1
21670,0
21671,0
21672,0
21673,1
21674,0
21675,0
21676,0
21677,0
21678,1
21679,0
21680,0
21681,1
21682,0
21683,0
21684,0
21685,0
21686,0
21687,0
21688,0
21689,0
21690,0
21691,0
21692,1
21693,0
21694,0
21695,0
21696,1
21697,0
21698,1
21699,1
21700,1
21701,0
21702,0
21703,1
21704,0
21705,0
21706,0
21707,0
21708,1
21709,0
21710,1
21711,1
21712,0
21713,0
21714,0
21715,0
21716,0
21717,0
21718,0
21719,0
21720,0
21721,0
21722,0
21723,0
21724,0
21725,0
21726,1
21727,1
21728,0
21729,0
21730,0
21731,0
21732,0
21733,0
21734,0
21735,0
21736,1
21737,1
21738,0
21739,0
21740,0
21741,0
21742,0
21743,0
21744,0
21745,0
21746,0
21747,0
21748,0
21749,1
21750,0
21751,0
21752,0
21753,0
21754,0
21755,0
21756,1
21757,0
21758,0
21759,0
21760,0
21761,0
21762,1
21763,0
21764,0
21765,0
21766,0
21767,0
21768,0
21769,0
21770,0
21771,0
21772,0
21773,1
21774,0
21775,0
21776,0
21777,0
21778,1
21779,0
21780,1
21781,0
21782,0
21783,0
21784,0
21785,1
21786,0
21787,0
21788,0
21789,0
21790,0
21791,0
21792,0
21793,0
21794,1
21795,0
21796,0
21797,0
21798,0
21799,0
21800,0
21801,0
21802,0
21803,0
21804,0
21805,0
21806,0
21807,0
21808,0
21809,0
21810,0
21811,0
21812,0
21813,0
21814,1
21815,0
21816,0
21817,1
21818,0
21819,0
21820,0
21821,1
21822,0
21823,0
21824,0
21825,0
21826,0
21827,0
21828,0
21829,0
21830,0
21831,0
21832,0
21833,1
21834,0
21835,0
21836,0
21837,0
21838,0
21839,1
21840,0
21841,0
21842,0
21843,1
21844,0
21845,0
21846,0
21847,0
21848,0
21849,0
21850,0
21851,0
21852,0
21853,0
21854,1
21855,1
21856,1
21857,0
21858,0
21859,0
21860,0
21861,0
21862,0
21863,0
21864,0
21865,0
21866,0
21867,0
21868,0
21869,1
21870,0
21871,1
21872,0
21873,1
21874,0
21875,0
21876,1
21877,0
21878,0
21879,0
21880,0
21881,1
21882,1
21883,0
21884,0
21885,0
21886,0
21887,0
21888,0
21889,0
21890,0
21891,1
21892,0
21893,0
21894,0
21895,0
21896,0
21897,0
21898,0
21899,0
21900,0
21901,1
21902,0
21903,0
21904,0
21905,0
21906,0
21907,0
21908,0
21909,0
21910,1
21911,0
21912,0
21913,1
21914,0
21915,0
21916,0
21917,1
21918,0
21919,0
21920,1
21921,0
21922,0
21923,1
21924,0
21925,0
21926,0
21927,0
21928,0
21929,0
21930,1
21931,0
21932,0
21933,0
21934,0
21935,0
21936,0
21937,1
21938,0
21939,0
21940,0
21941,1
21942,0
21943,0
21944,0
21945,0
21946,1
21947,0
21948,0
21949,0
21950,0
21951,0
21952,0
21953,1
21954,0
21955,0
21956,0
21957,0
21958,0
21959,0
21960,0
21961,0
21962,0
21963,0
21964,0
21965,0
21966,1
21967,0
21968,0
21969,1
21970,0
21971,1
21972,0
21973,0
21974,0
21975,0
21976,0
21977,0
21978,0
21979,0
21980,0
21981,0
21982,0
21983,0
21984,1
21985,0
21986,0
21987,0
21988,0
21989,0
21990,0
21991,0
21992,0
21993,0
21994,0
21995,0
21996,1
21997,1
21998,0
21999,1
22000,0
22001,0
22002,0
22003,0
22004,1
22005,0
22006,0
22007,0
22008,0
22009,0
22010,0
22011,0
22012,1
22013,1
22014,1
22015,0
22016,0
22017,0
22018,0
22019,0
22020,0
22021,0
22022,0
22023,0
22024,0
22025,0
22026,0
22027,1
22028,0
22029,0
22030,1
22031,0
22032,0
22033,0
22034,0
22035,0
22036,0
22037,0
22038,0
22039,0
22040,0
22041,0
22042,0
22043,1
22044,0
22045,0
22046,0
22047,0
22048,1
22049,0
22050,1
22051,0
22052,1
22053,0
22054,0
22055,0
22056,0
22057,0
22058,0
22059,0
22060,0
22061,0
22062,1
22063,0
22064,0
22065,1
22066,0
22067,0
22068,0
22069,0
22070,0
22071,0
22072,0
22073,0
22074,0
22075,0
22076,0
22077,0
22078,0
22079,0
22080,0
22081,0
22082,1
22083,0
22084,0
22085,0
22086,0
22087,0
22088,0
22089,0
22090,0
22091,0
22092,0
22093,0
22094,0
22095,0
22096,0
22097,0
22098,1
22099,0
22100,0
22101,0
22102,1
22103,0
22104,0
22105,1
22106,0
22107,0
22108,0
22109,0
22110,0
22111,0
22112,1
22113,0
22114,0
22115,0
22116,0
22117,0
22118,0
22119,0
22120,0
22121,1
22122,1
22123,1
22124,0
22125,0
22126,0
22127,0
22128,0
22129,0
22130,1
22131,0
22132,0
22133,0
22134,0
22135,0
22136,0
22137,1
22138,1
22139,0
22140,0
22141,0
22142,0
22143,1
22144,1
22145,0
22146,0
22147,0
22148,0
22149,0
22150,0
22151,0
22152,0
22153,1
22154,0
22155,0
22156,1
22157,0
22158,0
22159,0
22160,0
22161,0
22162,0
22163,1
22164,0
22165,1
22166,0
22167,0
22168,0
22169,0
22170,0
22171,0
22172,1
22173,1
22174,0
22175,1
22176,0
22177,1
22178,0
22179,0
22180,0
22181,0
22182,1
22183,0
22184,0
22185,0
22186,0
22187,1
22188,0
22189,0
22190,0
22191,0
22192,0
22193,0
22194,0
22195,1
22196,1
22197,0
22198,0
22199,0
22200,0
22201,0
22202,0
22203,0
22204,0
22205,0
22206,1
22207,0
22208,0
22209,0
22210,1
22211,0
22212,0
22213,0
22214,0
22215,0
22216,0
22217,0
22218,0
22219,1
22220,0
22221,0
22222,0
22223,0
22224,0
22225,0
22226,0
22227,0
22228,0
22229,0
22230,0
22231,0
22232,0
22233,0
22234,1
22235,0
22236,1
22237,1
22238,0
22239,0
22240,0
22241,0
22242,0
22243,1
22244,0
22245,0
22246,0
22247,0
22248,0
22249,0
22250,0
22251,0
22252,0
22253,0
22254,0
22255,1
22256,0
22257,0
22258,0
22259,1
22260,0
22261,0
22262,0
22263,0
22264,0
22265,0
22266,0
22267,0
22268,0
22269,0
22270,0
22271,0
22272,0
22273,0
22274,0
22275,0
22276,0
22277,1
22278,0
22279,0
22280,0
22281,0
22282,1
22283,0
22284,0
22285,1
22286,0
22287,1
22288,0
22289,0
22290,1
22291,0
22292,1
22293,0
22294,0
22295,0
22296,0
22297,0
22298,1
22299,0
22300,0
22301,0
22302,0
22303,0
22304,0
22305,0
22306,0
22307,0
22308,1
22309,0
22310,0
22311,0
22312,0
22313,0
22314,0
22315,1
22316,1
22317,0
22318,0
22319,1
22320,1
22321,0
22322,0
22323,1
22324,0
22325,1
22326,0
22327,0
22328,0
22329,0
22330,0
22331,1
22332,0
22333,0
22334,0
22335,0
22336,0
22337,0
22338,0
22339,0
22340,0
22341,0
22342,0
22343,0
22344,0
22345,0
22346,0
22347,0
22348,1
22349,0
22350,1
22351,1
22352,0
22353,0
22354,0
22355,0
22356,1
22357,0
22358,0
22359,1
22360,0
22361,0
22362,0
22363,0
22364,0
22365,0
22366,0
22367,1
22368,0
22369,0
22370,1
22371,0
22372,1
22373,1
22374,1
22375,0
22376,0
22377,0
22378,0
22379,0
22380,0
22381,0
22382,0
22383,0
22384,0
22385,0
22386,0
22387,0
22388,1
22389,1
22390,0
22391,1
22392,0
22393,0
22394,0
22395,1
22396,1
22397,1
22398,0
22399,1
22400,0
22401,0
22402,0
22403,0
22404,0
22405,0
22406,0
22407,1
22408,0
22409,0
22410,1
22411,0
22412,0
22413,1
22414,0
22415,0
22416,1
22417,0
22418,0
22419,1
22420,0
22421,0
22422,0
22423,0
22424,0
22425,0
22426,0
22427,0
22428,1
22429,0
22430,0
22431,0
22432,0
22433,0
22434,0
22435,0
22436,1
22437,1
22438,1
22439,0
22440,1
22441,0
22442,0
22443,0
22444,0
22445,0
22446,1
22447,1
22448,0
22449,0
22450,0
22451,0
22452,0
22453,0
22454,1
22455,0
22456,0
22457,0
22458,0
22459,0
22460,0
22461,0
22462,1
22463,0
22464,1
22465,0
22466,0
22467,0
22468,0
22469,1
22470,0
22471,0
22472,0
22473,0
22474,0
22475,0
22476,1
22477,0
22478,1
22479,0
22480,0
22481,1
22482,0
22483,0
22484,0
22485,1
22486,0
22487,0
22488,0
22489,0
22490,0
22491,0
22492,0
22493,0
22494,0
22495,0
22496,0
22497,0
22498,0
22499,0
22500,0
22501,0
22502,0
22503,0
22504,0
22505,0
22506,0
22507,0
22508,0
22509,1
22510,0
22511,0
22512,0
22513,1
22514,0
22515,0
22516,0
22517,0
22518,0
22519,0
22520,0
22521,0
22522,0
22523,1
22524,0
22525,1
22526,0
22527,0
22528,0
22529,0
22530,0
22531,0
22532,1
22533,0
22534,0
22535,0
22536,0
22537,1
22538,0
22539,1
22540,1
22541,1
22542,0
22543,0
22544,0
22545,0
22546,0
22547,0
22548,0
22549,1
22550,0
22551,0
22552,0
22553,1
22554,0
22555,0
22556,1
22557,0
22558,0
22559,1
22560,1
22561,0
22562,0
22563,0
22564,1
22565,0
22566,0
22567,0
22568,0
22569,1
22570,1
22571,0
22572,0
22573,0
22574,0
22575,0
22576,0
22577,0
22578,0
22579,0
22580,1
22581,0
22582,0
22583,0
22584,1
22585,1
22586,0
22587,0
22588,0
22589,0
22590,0
22591,0
22592,1
22593,0
22594,0
22595,0
22596,0
22597,0
22598,0
22599,0
22600,0
22601,0
22602,0
22603,0
22604,0
22605,0
22606,1
22607,0
22608,0
22609,0
22610,0
22611,0
22612,0
22613,0
22614,0
22615,0
22616,0
22617,0
22618,1
22619,0
22620,0
22621,0
22622,0
22623,1
22624,0
22625,0
22626,0
22627,1
22628,1
22629,0
22630,1
22631,0
22632,0
22633,1
22634,0
22635,0
22636,0
22637,0
22638,0
22639,0
22640,0
22641,0
22642,0
22643,0
22644,0
22645,0
22646,1
22647,0
22648,0
22649,0
22650,0
22651,0
22652,0
22653,0
22654,0
22655,1
22656,0
22657,0
22658,0
22659,0
22660,0
22661,0
22662,0
22663,0
22664,0
22665,0
22666,0
22667,0
22668,1
22669,1
22670,1
22671,0
22672,0
22673,1
22674,0
22675,0
22676,0
22677,0
22678,0
22679,0
22680,0
22681,0
22682,1
22683,0
22684,0
22685,0
22686,0
22687,0
22688,0
22689,1
22690,0
22691,0
22692,0
22693,0
22694,1
22695,0
22696,0
22697,1
22698,1
22699,0
22700,0
22701,1
22702,0
22703,0
22704,0
22705,0
22706,0
22707,0
22708,0
22709,0
22710,0
22711,1
22712,0
22713,0
22714,1
22715,0
22716,0
22717,0
22718,0
22719,0
22720,0
22721,0
22722,0
22723,1
22724,0
22725,0
22726,0
22727,0
22728,0
22729,0
22730,1
22731,0
22732,0
22733,0
22734,0
22735,0
22736,0
22737,0
22738,0
22739,0
22740,1
22741,0
22742,0
22743,0
22744,0
22745,0
22746,0
22747,0
22748,1
22749,0
22750,0
22751,1
22752,0
22753,0
22754,0
22755,0
22756,1
22757,1
22758,0
22759,1
22760,0
22761,0
22762,0
22763,0
22764,0
22765,0
22766,0
22767,0
22768,0
22769,1
22770,0
22771,0
22772,0
22773,0
22774,0
22775,0
22776,0
22777,0
22778,0
22779,0
22780,0
22781,0
22782,0
22783,0
22784,0
22785,0
22786,0
22787,0
22788,1
22789,0
22790,0
22791,0
22792,0
22793,0
22794,0
22795,0
22796,1
22797,0
22798,0
22799,0
22800,0
22801,0
22802,0
22803,1
22804,0
22805,0
22806,0
22807,0
22808,0
22809,1
22810,0
22811,0
22812,0
22813,1
22814,0
22815,0
22816,0
22817,0
22818,0
22819,1
22820,0
22821,0
22822,1
22823,0
22824,0
22825,0
22826,1
22827,0
22828,0
22829,0
22830,0
22831,0
22832,0
22833,0
22834,0
22835,0
22836,0
22837,0
22838,0
22839,1
22840,0
22841,0
22842,1
22843,0
22844,0
22845,1
22846,0
22847,0
22848,1
22849,0
22850,1
22851,1
22852,1
22853,0
22854,0
22855,0
22856,1
22857,0
22858,0
22859,0
22860,0
22861,0
22862,0
22863,0
22864,1
22865,0
22866,0
22867,0
22868,0
22869,0
22870,0
22871,0
22872,0
22873,0
22874,0
22875,0
22876,1
22877,0
22878,0
22879,0
22880,1
22881,1
22882,1
22883,0
22884,0
22885,0
22886,0
22887,0
22888,0
22889,0
22890,0
22891,1
22892,0
22893,0
22894,0
22895,0
22896,0
22897,0
22898,0
22899,0
22900,0
22901,0
22902,1
22903,0
22904,1
22905,0
22906,0
22907,1
22908,0
22909,0
22910,0
22911,1
22912,0
22913,0
22914,1
22915,1
22916,1
22917,0
22918,1
22919,0
22920,0
22921,0
22922,0
22923,0
22924,0
22925,1
22926,0
22927,1
22928,1
22929,0
22930,1
22931,1
22932,0
22933,0
22934,0
22935,0
22936,0
22937,0
22938,1
22939,1
22940,0
22941,0
22942,0
22943,1
22944,0
22945,0
22946,1
22947,0
22948,0
22949,0
22950,0
22951,0
22952,0
22953,0
22954,1
22955,0
22956,0
22957,0
22958,0
22959,0
22960,1
22961,1
22962,0
22963,1
22964,0
22965,0
22966,0
22967,0
22968,1
22969,0
22970,0
22971,1
22972,1
22973,0
22974,1
22975,0
22976,0
22977,0
22978,0
22979,0
22980,0
22981,0
22982,0
22983,0
22984,0
22985,1
22986,0
22987,1
22988,1
22989,0
22990,0
22991,1
22992,1
22993,0
22994,0
22995,0
22996,0
22997,1
22998,0
22999,0
23000,0
23001,0
23002,0
23003,0
23004,0
23005,1
23006,0
23007,0
23008,0
23009,0
23010,1
23011,0
23012,0
23013,0
23014,0
23015,0
23016,0
23017,0
23018,0
23019,1
23020,0
23021,0
23022,1
23023,0
23024,0
23025,0
23026,1
23027,1
23028,0
23029,0
23030,0
23031,0
23032,0
23033,0
23034,0
23035,1
23036,0
23037,0
23038,0
23039,0
23040,0
23041,0
23042,0
23043,0
23044,0
23045,0
23046,0
23047,0
23048,1
23049,0
23050,1
23051,0
23052,0
23053,1
23054,0
23055,0
23056,0
23057,0
23058,0
23059,0
23060,0
23061,0
23062,0
23063,0
23064,0
23065,0
23066,0
23067,0
23068,0
23069,0
23070,0
23071,1
23072,0
23073,0
23074,0
23075,1
23076,0
23077,1
23078,0
23079,0
23080,1
23081,0
23082,0
23083,0
23084,0
23085,0
23086,1
23087,0
23088,0
23089,0
23090,0
23091,1
23092,0
23093,0
23094,0
23095,0
23096,0
23097,1
23098,0
23099,0
23100,0
23101,1
23102,0
23103,0
23104,0
23105,0
23106,0
23107,1
23108,0
23109,0
23110,1
23111,1
23112,0
23113,0
23114,0
23115,0
23116,0
23117,1
23118,1
23119,0
23120,0
23121,0
23122,0
23123,0
23124,1
23125,0
23126,0
23127,1
23128,0
23129,0
23130,0
23131,1
23132,0
23133,0
23134,0
23135,0
23136,0
23137,0
23138,0
23139,0
23140,0
23141,1
23142,1
23143,0
23144,0
23145,0
23146,0
23147,1
23148,0
23149,0
23150,0
23151,0
23152,0
23153,0
23154,0
23155,0
23156,0
23157,1
23158,1
23159,1
23160,0
23161,0
23162,0
23163,0
23164,0
23165,1
23166,0
23167,0
23168,0
23169,0
23170,0
23171,0
23172,1
23173,0
23174,0
23175,0
23176,0
23177,0
23178,0
23179,1
23180,0
23181,0
23182,1
23183,0
23184,0
23185,0
23186,0
23187,0
23188,0
23189,0
23190,0
23191,1
23192,0
23193,0
23194,0
23195,1
23196,0
23197,1
23198,0
23199,0
23200,0
23201,0
23202,0
23203,0
23204,0
23205,1
23206,0
23207,0
23208,0
23209,0
23210,1
23211,1
23212,0
23213,0
23214,1
23215,0
23216,0
23217,0
23218,1
23219,1
23220,1
23221,0
23222,0
23223,0
23224,1
23225,0
23226,0
23227,0
23228,0
23229,0
23230,0
23231,0
23232,0
23233,1
23234,0
23235,0
23236,0
23237,0
23238,1
23239,0
23240,1
23241,0
23242,0
23243,0
23244,1
23245,1
23246,0
23247,0
23248,0
23249,0
23250,0
23251,0
23252,0
23253,0
23254,0
23255,0
23256,0
23257,0
23258,0
23259,0
23260,0
23261,0
23262,0
23263,0
23264,0
23265,0
23266,1
23267,0
23268,0
23269,0
23270,0
23271,0
23272,0
23273,1
23274,0
23275,0
23276,0
23277,0
23278,0
23279,0
23280,0
23281,0
23282,0
23283,0
23284,0
23285,0
23286,0
23287,0
23288,0
23289,0
23290,0
23291,0
23292,1
23293,0
23294,1
23295,0
23296,0
23297,0
23298,0
23299,1
23300,1
23301,0
23302,0
23303,0
23304,0
23305,1
23306,0
23307,0
23308,0
23309,1
23310,0
23311,0
23312,0
23313,0
23314,1
23315,0
23316,1
23317,0
23318,0
23319,0
23320,0
23321,0
23322,0
23323,1
23324,0
23325,0
23326,0
23327,0
23328,1
23329,1
23330,0
23331,0
23332,0
23333,0
23334,1
23335,0
23336,0
23337,0
23338,0
23339,0
23340,0
23341,0
23342,1
23343,0
23344,0
23345,0
23346,1
23347,0
23348,0
23349,0
23350,0
23351,0
23352,1
23353,0
23354,0
23355,0
23356,1
23357,0
23358,0
23359,1
23360,1
23361,0
23362,0
23363,0
23364,0
23365,0
23366,0
23367,0
23368,0
23369,0
23370,0
23371,0
23372,0
23373,1
23374,0
23375,0
23376,0
23377,0
23378,0
23379,0
23380,0
23381,0
23382,0
23383,1
23384,0
23385,0
23386,0
23387,0
23388,0
23389,1
23390,0
23391,0
23392,0
23393,0
23394,1
23395,0
23396,0
23397,0
23398,0
23399,0
23400,0
23401,0
23402,0
23403,0
23404,0
23405,1
23406,0
23407,0
23408,0
23409,0
23410,1
23411,1
23412,0
23413,0
23414,1
23415,0
23416,1
23417,0
23418,0
23419,0
23420,0
23421,0
23422,0
23423,1
23424,1
23425,0
23426,0
23427,0
23428,0
23429,0
23430,1
23431,1
23432,0
23433,0
23434,0
23435,0
23436,0
23437,0
23438,1
23439,0
23440,0
23441,0
23442,0
23443,0
23444,0
23445,0
23446,0
23447,0
23448,0
23449,0
23450,0
23451,0
23452,0
23453,0
23454,0
23455,0
23456,1
23457,0
23458,0
23459,0
23460,0
23461,0
23462,1
23463,0
23464,0
23465,1
23466,0
23467,0
23468,1
23469,1
23470,1
23471,0
23472,0
23473,0
23474,0
23475,0
23476,0
23477,1
23478,0
23479,0
23480,0
23481,0
23482,0
23483,0
23484,1
23485,0
23486,0
23487,0
23488,0
23489,0
23490,0
23491,1
23492,0
23493,1
23494,0
23495,0
23496,0
23497,1
23498,0
23499,1
23500,0
23501,0
23502,1
23503,0
23504,1
23505,0
23506,0
23507,0
23508,0
23509,1
23510,0
23511,0
23512,1
23513,1
23514,0
23515,0
23516,0
23517,1
23518,1
23519,0
23520,0
23521,0
23522,0
23523,0
23524,0
23525,1
23526,0
23527,0
23528,0
23529,1
23530,0
23531,1
23532,0
23533,0
23534,0
23535,0
23536,0
23537,0
23538,0
23539,0
23540,0
23541,1
23542,1
23543,0
23544,0
23545,0
23546,0
23547,0
23548,1
23549,0
23550,0
23551,0
23552,1
23553,0
23554,0
23555,0
23556,0
23557,0
23558,0
23559,1
23560,1
23561,0
23562,0
23563,1
23564,0
23565,0
23566,0
23567,0
23568,1
23569,0
23570,0
23571,0
23572,1
23573,1
23574,1
23575,1
23576,0
23577,0
23578,0
23579,0
23580,0
23581,0
23582,0
23583,0
23584,0
23585,0
23586,1
23587,1
23588,0
23589,1
23590,0
23591,0
23592,0
23593,0
23594,0
23595,0
23596,1
23597,0
23598,0
23599,0
23600,0
23601,0
23602,0
23603,0
23604,0
23605,1
23606,0
23607,0
23608,0
23609,0
23610,0
23611,0
23612,0
23613,0
23614,0
23615,1
23616,0
23617,0
23618,1
23619,1
23620,0
23621,1
23622,0
23623,0
23624,0
23625,0
23626,0
23627,0
23628,0
23629,0
23630,0
23631,1
23632,0
23633,0
23634,1
23635,0
23636,1
23637,1
23638,0
23639,0
23640,0
23641,0
23642,0
23643,1
23644,1
23645,0
23646,0
23647,0
23648,0
23649,0
23650,0
23651,0
23652,0
23653,0
23654,1
23655,1
23656,1
23657,0
23658,0
23659,0
23660,1
23661,0
23662,1
23663,0
23664,0
23665,0
23666,1
23667,0
23668,1
23669,0
23670,0
23671,1
23672,0
23673,1
23674,0
23675,0
23676,0
23677,1
23678,0
23679,0
23680,0
23681,0
23682,1
23683,0
23684,0
23685,0
23686,0
23687,0
23688,1
23689,0
23690,0
23691,1
23692,0
23693,0
23694,0
23695,0
23696,1
23697,1
23698,1
23699,0
23700,0
23701,1
23702,0
23703,1
23704,0
23705,0
23706,0
23707,0
23708,0
23709,0
23710,1
23711,0
23712,1
23713,0
23714,1
23715,1
23716,0
23717,0
23718,0
23719,0
23720,0
23721,0
23722,0
23723,0
23724,0
23725,0
23726,0
23727,0
23728,0
23729,0
23730,0
23731,0
23732,0
23733,0
23734,1
23735,0
23736,0
23737,0
23738,0
23739,0
23740,1
23741,1
23742,0
23743,1
23744,0
23745,0
23746,0
23747,0
23748,0
23749,0
23750,0
23751,0
23752,0
23753,0
23754,0
23755,0
23756,0
23757,0
23758,0
23759,0
23760,1
23761,0
23762,0
23763,0
23764,0
23765,0
23766,0
23767,0
23768,1
23769,0
23770,1
23771,0
23772,0
23773,0
23774,0
23775,0
23776,0
23777,0
23778,1
23779,0
23780,1
23781,1
23782,0
23783,0
23784,0
23785,0
23786,0
23787,0
23788,0
23789,0
23790,0
23791,0
23792,0
23793,0
23794,0
23795,0
23796,0
23797,0
23798,0
23799,1
23800,0
23801,1
23802,1
23803,0
23804,0
23805,0
23806,0
23807,0
23808,0
23809,0
23810,1
23811,0
23812,0
23813,1
23814,0
23815,0
23816,0
23817,0
23818,1
23819,0
23820,0
23821,0
23822,0
23823,0
23824,0
23825,0
23826,0
23827,0
23828,0
23829,1
23830,0
23831,1
23832,1
23833,0
23834,0
23835,0
23836,0
23837,1
23838,0
23839,0
23840,0
23841,1
23842,1
23843,1
23844,0
23845,0
23846,1
23847,0
23848,0
23849,0
23850,0
23851,0
23852,0
23853,0
23854,1
23855,0
23856,1
23857,1
23858,1
23859,1
23860,0
23861,0
23862,1
23863,0
23864,0
23865,0
23866,0
23867,0
23868,0
23869,0
23870,1
23871,0
23872,0
23873,0
23874,1
23875,0
23876,0
23877,1
23878,0
23879,0
23880,0
23881,0
23882,0
23883,0
23884,1
23885,0
23886,0
23887,0
23888,0
23889,0
23890,0
23891,0
23892,1
23893,0
23894,0
23895,0
23896,0
23897,0
23898,0
23899,1
23900,0
23901,0
23902,0
23903,0
23904,0
23905,0
23906,0
23907,0
23908,0
23909,0
23910,0
23911,1
23912,1
23913,0
23914,0
23915,0
23916,0
23917,1
23918,1
23919,0
23920,1
23921,0
23922,0
23923,0
23924,0
23925,0
23926,0
23927,0
23928,0
23929,0
23930,0
23931,0
23932,0
23933,0
23934,1
23935,0
23936,0
23937,1
23938,0
23939,0
23940,1
23941,0
23942,0
23943,0
23944,0
23945,0
23946,0
23947,0
23948,0
23949,1
23950,0
23951,0
23952,0
23953,0
23954,1
23955,0
23956,0
23957,0
23958,1
23959,0
23960,0
23961,0
23962,0
23963,1
23964,0
23965,0
23966,0
23967,0
23968,1
23969,1
23970,0
23971,0
23972,0
23973,0
23974,1
23975,0
23976,0
23977,1
23978,0
23979,0
23980,0
23981,0
23982,0
23983,0
23984,1
23985,0
23986,1
23987,0
23988,0
23989,0
23990,1
23991,0
23992,0
23993,0
23994,0
23995,0
23996,1
23997,0
23998,0
23999,0
24000,0
24001,0
24002,0
24003,0
24004,0
24005,0
24006,0
24007,0
24008,0
24009,0
24010,0
24011,0
24012,0
24013,1
24014,0
24015,0
24016,0
24017,0
24018,1
24019,0
24020,0
24021,0
24022,1
24023,0
24024,1
24025,0
24026,0
24027,0
24028,1
24029,0
24030,1
24031,1
24032,0
24033,0
24034,0
24035,0
24036,0
24037,0
24038,0
24039,0
24040,0
24041,0
24042,0
24043,0
24044,0
24045,0
24046,0
24047,1
24048,0
24049,0
24050,0
24051,1
24052,0
24053,0
24054,1
24055,1
24056,0
24057,0
24058,0
24059,0
24060,0
24061,0
24062,0
24063,0
24064,0
24065,0
24066,0
24067,1
24068,0
24069,0
24070,1
24071,0
24072,0
24073,1
24074,1
24075,0
24076,0
24077,0
24078,0
24079,0
24080,0
24081,1
24082,0
24083,0
24084,0
24085,0
24086,1
24087,0
24088,0
24089,0
24090,0
24091,0
24092,1
24093,0
24094,0
24095,0
24096,0
24097,0
24098,0
24099,0
24100,0
24101,0
24102,0
24103,0
24104,1
24105,1
24106,1
24107,0
24108,0
24109,0
24110,0
24111,0
24112,1
24113,1
24114,0
24115,0
24116,0
24117,0
24118,1
24119,0
24120,0
24121,1
24122,0
24123,0
24124,0
24125,0
24126,0
24127,0
24128,0
24129,1
24130,0
24131,0
24132,1
24133,0
24134,0
24135,1
24136,0
24137,1
24138,0
24139,0
24140,0
24141,1
24142,1
24143,0
24144,0
24145,0
24146,0
24147,0
24148,0
24149,0
24150,0
24151,0
24152,0
24153,0
24154,1
24155,0
24156,0
24157,0
24158,0
24159,0
24160,0
24161,0
24162,0
24163,1
24164,0
24165,0
24166,0
24167,0
24168,0
24169,1
24170,0
24171,0
24172,1
24173,0
24174,0
24175,1
24176,1
24177,0
24178,0
24179,1
24180,1
24181,0
24182,0
24183,0
24184,0
24185,1
24186,0
24187,1
24188,1
24189,0
24190,0
24191,0
24192,0
24193,0
24194,0
24195,0
24196,1
24197,0
24198,1
24199,0
24200,0
24201,0
24202,0
24203,1
24204,0
24205,0
24206,0
24207,0
24208,0
24209,0
24210,0
24211,0
24212,0
24213,0
24214,1
24215,0
24216,0
24217,0
24218,0
24219,0
24220,1
24221,0
24222,1
24223,0
24224,0
24225,0
24226,1
24227,0
24228,0
24229,0
24230,0
24231,1
24232,0
24233,0
24234,0
24235,0
24236,0
24237,0
24238,0
24239,0
24240,0
24241,0
24242,0
24243,0
24244,0
24245,0
24246,0
24247,1
24248,0
24249,0
24250,0
24251,0
24252,0
24253,0
24254,0
24255,0
24256,0
24257,1
24258,0
24259,0
24260,0
24261,0
24262,0
24263,0
24264,0
24265,0
24266,1
24267,0
24268,0
24269,1
24270,0
24271,0
24272,1
24273,0
24274,0
24275,0
24276,0
24277,1
24278,1
24279,0
24280,0
24281,0
24282,0
24283,0
24284,0
24285,0
24286,0
24287,0
24288,0
24289,0
24290,1
24291,0
24292,0
24293,1
24294,0
24295,0
24296,0
24297,0
24298,0
24299,1
24300,1
24301,0
24302,1
24303,1
24304,0
24305,0
24306,0
24307,0
24308,0
24309,0
24310,0
24311,0
24312,0
24313,1
24314,0
24315,0
24316,0
24317,0
24318,0
24319,0
24320,0
24321,0
24322,1
24323,0
24324,0
24325,0
24326,0
24327,0
24328,0
24329,0
24330,1
24331,0
24332,1
24333,0
24334,1
24335,0
24336,0
24337,0
24338,0
24339,0
24340,0
24341,0
24342,0
24343,0
24344,1
24345,1
24346,0
24347,0
24348,0
24349,0
24350,0
24351,1
24352,0
24353,0
24354,0
24355,0
24356,0
24357,0
24358,1
24359,0
24360,0
24361,0
24362,0
24363,0
24364,0
24365,1
24366,0
24367,0
24368,1
24369,0
24370,1
24371,0
24372,0
24373,0
24374,0
24375,0
24376,0
24377,0
24378,0
24379,0
24380,0
24381,1
24382,0
24383,0
24384,0
24385,0
24386,1
24387,1
24388,1
24389,0
24390,0
24391,1
24392,1
24393,1
24394,0
24395,1
24396,0
24397,0
24398,0
24399,0
24400,0
24401,0
24402,0
24403,0
24404,0
24405,0
24406,0
24407,0
24408,1
24409,0
24410,0
24411,0
24412,1
24413,0
24414,1
24415,0
24416,0
24417,0
24418,0
24419,0
24420,0
24421,1
24422,1
24423,0
24424,0
24425,0
24426,0
24427,0
24428,1
24429,0
24430,0
24431,1
24432,1
24433,0
24434,0
24435,0
24436,1
24437,0
24438,0
24439,0
24440,0
24441,0
24442,0
24443,0
24444,0
24445,0
24446,0
24447,0
24448,0
24449,0
24450,0
24451,0
24452,0
24453,1
24454,0
24455,1
24456,1
24457,1
24458,0
24459,0
24460,1
24461,0
24462,0
24463,0
24464,0
24465,0
24466,0
24467,1
24468,1
24469,0
24470,0
24471,0
24472,1
24473,0
24474,0
24475,1
24476,0
24477,0
24478,0
24479,0
24480,0
24481,1
24482,0
24483,0
24484,0
24485,0
24486,0
24487,0
24488,0
24489,1
24490,0
24491,0
24492,0
24493,1
24494,0
24495,0
24496,1
24497,0
24498,0
24499,0
24500,0
24501,0
24502,0
24503,0
24504,0
24505,0
24506,0
24507,1
24508,0
24509,0
24510,0
24511,0
24512,0
24513,0
24514,0
24515,0
24516,0
24517,0
24518,0
24519,0
24520,0
24521,0
24522,1
24523,0
24524,0
24525,1
24526,0
24527,0
24528,0
24529,0
24530,0
24531,0
24532,0
24533,1
24534,0
24535,0
24536,1
24537,1
24538,0
24539,0
24540,0
24541,0
24542,0
24543,0
24544,0
24545,0
24546,0
24547,1
24548,1
24549,0
24550,1
24551,0
24552,1
24553,0
24554,0
24555,0
24556,0
24557,0
24558,0
24559,0
24560,1
24561,1
24562,0
24563,0
24564,1
24565,0
24566,1
24567,0
24568,0
24569,0
24570,0
24571,0
24572,0
24573,0
24574,0
24575,0
24576,1
24577,0
24578,0
24579,0
24580,0
24581,0
24582,1
24583,0
24584,0
24585,1
24586,0
24587,1
24588,0
24589,0
24590,0
24591,0
24592,0
24593,1
24594,0
24595,1
24596,0
24597,0
24598,0
24599,0
24600,0
24601,0
24602,0
24603,0
24604,0
24605,0
24606,0
24607,0
24608,0
24609,0
24610,0
24611,1
24612,1
24613,0
24614,0
24615,1
24616,0
24617,0
24618,0
24619,0
24620,0
24621,0
24622,0
24623,0
24624,1
24625,1
24626,0
24627,0
24628,0
24629,1
24630,0
24631,0
24632,0
24633,1
24634,0
24635,0
24636,0
24637,0
24638,0
24639,0
24640,0
24641,0
24642,0
24643,0
24644,0
24645,1
24646,0
24647,0
24648,0
24649,1
24650,0
24651,1
24652,0
24653,0
24654,0
24655,0
24656,0
24657,0
24658,0
24659,0
24660,0
24661,0
24662,0
24663,0
24664,0
24665,0
24666,0
24667,0
24668,1
24669,1
24670,0
24671,1
24672,0
24673,0
24674,0
24675,1
24676,1
24677,0
24678,1
24679,0
24680,0
24681,0
24682,0
24683,0
24684,0
24685,0
24686,0
24687,0
24688,0
24689,0
24690,0
24691,0
24692,0
24693,0
24694,0
24695,1
24696,0
24697,0
24698,1
